Handle,Title,Body (HTML),Vendor,Type,Tags,Published,Option1 Name,Option1 Value,Option2 Name,Option2 Value,Option3 Name,Option3 Value,Variant SKU,Variant Grams,Variant Inventory Tracker,Variant Inventory Qty,Variant Inventory Policy,Variant Fulfillment Service,Variant Price,Variant Compare At Price,Variant Requires Shipping,Variant Taxable,Variant Barcode,Image Src,Image Position,Image Alt Text,Gift Card,SEO Title,SEO Description,Google Shopping / Google Product Category,Google Shopping / Gender,Google Shopping / Age Group,Google Shopping / MPN,Google Shopping / AdWords Grouping,Google Shopping / AdWords Labels,Google Shopping / Condition,Google Shopping / Custom Product,Google Shopping / Custom Label 0,Google Shopping / Custom Label 1,Google Shopping / Custom Label 2,Google Shopping / Custom Label 3,Google Shopping / Custom Label 4,Variant Image,Variant Weight Unit,Variant Tax Code,Cost per item
anxi-tie-guan-yin,Anxi Tie Guan Yin,"<p>This wild grown, traditional-style Tie Guan Yin is grown on rugged slopes around Anxi, southern Fujian province. This tea can be found in countless grades and prices but our Tie Guan Yin is the ultimate example of what this tea should be – exquisite floral aroma, unique flavour that lingers in the mouth long after the tea is sipped and bright jade infusion.  In short, drinking Teafields’ Tie Guan Yin, will completely satisfy and exalt your senses and leave you with complete conviction that you have tasted the world’s finest example of this legendary tea.</p>",Moocha- Tea Shop & Organic Store Responsive Shopify Theme,Oolong Tea,"$20-$30, 100g, 250g, 500g, 50g, Oolong Tea",true,Size,50g,Type,Oolong Tea,,,"",0.0,shopify,34,deny,manual,24.00,,true,true,"",https://cdn.shopify.com/s/files/1/0404/8535/5684/products/12.1.jpg?v=1591585557,1,,false,,,,,,,,,,,,,,,,https://cdn.shopify.com/s/files/1/0404/8535/5684/products/12.1.jpg?v=1591585557,kg,,
anxi-tie-guan-yin,,,,,,,,100g,,Oolong Tea,,,"",0.0,shopify,34,deny,manual,34.00,,true,true,"",https://cdn.shopify.com/s/files/1/0404/8535/5684/products/12.2.jpg?v=1591585557,2,,,,,,,,,,,,,,,,,,https://cdn.shopify.com/s/files/1/0404/8535/5684/products/12.1.jpg?v=1591585557,kg,,
anxi-tie-guan-yin,,,,,,,,250g,,Oolong Tea,,,"",0.0,shopify,34,deny,manual,45.00,,true,true,"",https://cdn.shopify.com/s/files/1/0404/8535/5684/products/2.1_e0ff3e1a-c2b2-4d92-9fc1-3b6ce4e565a3.jpg?v=1591685709,3,,,,,,,,,,,,,,,,,,https://cdn.shopify.com/s/files/1/0404/8535/5684/products/12.1.jpg?v=1591585557,kg,,
anxi-tie-guan-yin,,,,,,,,500g,,Oolong Tea,,,"",0.0,shopify,34,deny,manual,56.00,,true,true,"",https://cdn.shopify.com/s/files/1/0404/8535/5684/products/3.1_a4834809-3125-48c8-be37-a9e86b32dc2f.jpg?v=1591685709,4,,,,,,,,,,,,,,,,,,https://cdn.shopify.com/s/files/1/0404/8535/5684/products/12.1.jpg?v=1591585557,kg,,
ceylon-silver-tips,Ceylon Silver tips,"<p>This fragrant Ceylon silver tips green tea is made from the tender buds of the rare red camellia plant which grows at the foot of Adam’s Peak in the Dimbula region of Sri Lanka. Aptly reffered to as silver needle, the tips are twisted together to form a needle shape. Boasting a refined, smooth yet sweet flavour, Ceylon silver tips is low in caffeine and contains a high level of antioxidants than most green teas.</p>",Moocha- Tea Shop & Organic Store Responsive Shopify Theme,White Tea,"$20-$30, 100g, 250g, White Tea",true,Size,100g,Type,White Tea,,,"",0.0,,0,deny,manual,23.00,,true,true,"",https://cdn.shopify.com/s/files/1/0404/8535/5684/products/3.1.jpg?v=1591582157,1,,false,,,,,,,,,,,,,,,,https://cdn.shopify.com/s/files/1/0404/8535/5684/products/3.1.jpg?v=1591582157,kg,,
ceylon-silver-tips,,,,,,,,250g,,White Tea,,,"",0.0,,0,deny,manual,45.00,,true,true,"",https://cdn.shopify.com/s/files/1/0404/8535/5684/products/4.2_f32c398c-b9e0-4d80-81dc-83724aa0edd9.jpg?v=1591685736,2,,,,,,,,,,,,,,,,,,https://cdn.shopify.com/s/files/1/0404/8535/5684/products/3.1.jpg?v=1591582157,kg,,
ceylon-silver-tips,,,,,,,,,,,,,,,,,,,,,,,,https://cdn.shopify.com/s/files/1/0404/8535/5684/products/5.1_d1fb63f4-c9d6-42b9-9cc6-1dbbfc7539c1.jpg?v=1591685736,3,,,,,,,,,,,,,,,,,,,,,
ceylon-silver-tips,,,,,,,,,,,,,,,,,,,,,,,,https://cdn.shopify.com/s/files/1/0404/8535/5684/products/7.1_a7e6884a-ea65-4afe-acd3-d5b0c123e26f.jpg?v=1591685736,4,,,,,,,,,,,,,,,,,,,,,
high-mountain-li-shan,High Mountain Li Shan,"<p>Smooth and Creamy

with soft notes of honey and tropical fruits</p>",Moocha- Tea Shop & Organic Store Responsive Shopify Theme,Oolong Tea,"$20-$30, 100g, 250g, 500g, 50g, Oolong",true,Size,50g,Type,Oolong Tea,,,"",0.0,shopify,34,deny,manual,23.00,,true,true,"",https://cdn.shopify.com/s/files/1/0404/8535/5684/products/11.1.jpg?v=1591585319,1,,false,,,,,,,,,,,,,,,,https://cdn.shopify.com/s/files/1/0404/8535/5684/products/11.1.jpg?v=1591585319,kg,,
high-mountain-li-shan,,,,,,,,100g,,Oolong Tea,,,"",0.0,shopify,34,deny,manual,34.00,,true,true,"",https://cdn.shopify.com/s/files/1/0404/8535/5684/products/11.2.jpg?v=1591585319,2,,,,,,,,,,,,,,,,,,https://cdn.shopify.com/s/files/1/0404/8535/5684/products/11.1.jpg?v=1591585319,kg,,
high-mountain-li-shan,,,,,,,,250g,,Oolong Tea,,,"",0.0,shopify,34,deny,manual,45.00,,true,true,"",https://cdn.shopify.com/s/files/1/0404/8535/5684/products/3.1_fdb3a814-4363-4db9-93ed-d167f7e4a63f.jpg?v=1591685750,3,,,,,,,,,,,,,,,,,,https://cdn.shopify.com/s/files/1/0404/8535/5684/products/11.1.jpg?v=1591585319,kg,,
high-mountain-li-shan,,,,,,,,500g,,Oolong Tea,,,"",0.0,shopify,34,deny,manual,78.00,,true,true,"",https://cdn.shopify.com/s/files/1/0404/8535/5684/products/4.1_af0b1e67-3905-428c-8e07-5919e8e06f7c.jpg?v=1591685750,4,,,,,,,,,,,,,,,,,,https://cdn.shopify.com/s/files/1/0404/8535/5684/products/11.1.jpg?v=1591585319,kg,,
jasmine-dragon-pearls,Jasmine Dragon Pearls,"<p>Scented tea production is a true art and involves many processes to achieve perfection. Each one is hand-made by rolling tippy, green tea into pearls then wrapping each pearl into paper to help maintain the shape. After wrapping and drying the tea is set aside until summer when the jasmine comes into season and it is scented seven times with fresh, aromatic jasmine flowers. Once infused the hand-rolled pearls open to reveal a beautiful ‘dragon’ – the fragrant flower hidden in the centre</p>",Moocha- Tea Shop & Organic Store Responsive Shopify Theme,Green Tea,"$10-$20, 100g, 250g, 50g, Green Tea",true,Size,50g,Type,Green Tea,,,"",0.0,,0,deny,manual,14.00,,true,true,"",https://cdn.shopify.com/s/files/1/0404/8535/5684/products/7.1.jpg?v=1591584268,1,,false,,,,,,,,,,,,,,,,https://cdn.shopify.com/s/files/1/0404/8535/5684/products/7.1.jpg?v=1591584268,kg,,
jasmine-dragon-pearls,,,,,,,,100g,,Green Tea,,,"",0.0,,0,deny,manual,23.00,,true,true,"",https://cdn.shopify.com/s/files/1/0404/8535/5684/products/7.2.jpg?v=1591584268,2,,,,,,,,,,,,,,,,,,https://cdn.shopify.com/s/files/1/0404/8535/5684/products/7.1.jpg?v=1591584268,kg,,
jasmine-dragon-pearls,,,,,,,,250g,,Green Tea,,,"",0.0,,0,deny,manual,38.00,,true,true,"",,,,,,,,,,,,,,,,,,,,https://cdn.shopify.com/s/files/1/0404/8535/5684/products/7.1.jpg?v=1591584268,kg,,
jasmine-flowering-tea,Jasmine Flowering Tea,"<p>Flowering Jasmine blossoms are hand-tied by artisans into an bulb which unfurls once water is added. The pale, grass green liquor has a soft, teasing jasmine aroma.</p>",Moocha- Tea Shop & Organic Store Responsive Shopify Theme,Green Tea,"$10-$20, 100g, 250g, 500g, 50g, Green Tea",true,Size,50g,Type,Green Tea,,,"",0.0,,0,deny,manual,13.00,,true,true,"",https://cdn.shopify.com/s/files/1/0404/8535/5684/products/10.1.jpg?v=1591585032,1,,false,,,,,,,,,,,,,,,,https://cdn.shopify.com/s/files/1/0404/8535/5684/products/10.1.jpg?v=1591585032,kg,,
jasmine-flowering-tea,,,,,,,,100g,,Green Tea,,,"",0.0,,0,deny,manual,22.00,,true,true,"",https://cdn.shopify.com/s/files/1/0404/8535/5684/products/10.2.jpg?v=1591585032,2,,,,,,,,,,,,,,,,,,https://cdn.shopify.com/s/files/1/0404/8535/5684/products/10.1.jpg?v=1591585032,kg,,
jasmine-flowering-tea,,,,,,,,250g,,Green Tea,,,"",0.0,,0,deny,manual,35.00,,true,true,"",https://cdn.shopify.com/s/files/1/0404/8535/5684/products/8.1_7419e482-ef51-4274-b20c-872e0e1db88f.jpg?v=1591685769,3,,,,,,,,,,,,,,,,,,https://cdn.shopify.com/s/files/1/0404/8535/5684/products/10.1.jpg?v=1591585032,kg,,
jasmine-flowering-tea,,,,,,,,500g,,Green Tea,,,"",0.0,,0,deny,manual,56.00,,true,true,"",https://cdn.shopify.com/s/files/1/0404/8535/5684/products/9.1_f46bc1cf-f7e9-4e94-80e0-6f07d508c895.jpg?v=1591685769,4,,,,,,,,,,,,,,,,,,https://cdn.shopify.com/s/files/1/0404/8535/5684/products/10.1.jpg?v=1591585032,kg,,
jasmine-green,Jasmine Green,"<p>The heady aroma of jasmine green is rarely captured so distinctly in a tea. Our experts harvest the soft, downy green tea buds from spring’s first flush, store it until the jasmine comes into bloom. It is then laid out to permeate beneath a velvety bed of jasmine flowers to create this wonderful cup of tea.

</p>",Moocha- Tea Shop & Organic Store Responsive Shopify Theme,Green Tea,"$5-$10, 100g, Green Tea",true,Size,100g,Type,Green Tea,,,"",0.0,,0,deny,manual,8.00,,true,true,"",https://cdn.shopify.com/s/files/1/0404/8535/5684/products/9.1.jpg?v=1591584745,1,,false,,,,,,,,,,,,,,,,https://cdn.shopify.com/s/files/1/0404/8535/5684/products/9.1.jpg?v=1591584745,kg,,
jasmine-green,,,,,,,,,,,,,,,,,,,,,,,,https://cdn.shopify.com/s/files/1/0404/8535/5684/products/9.2.jpg?v=1591584745,2,,,,,,,,,,,,,,,,,,,,,
jasmine-green,,,,,,,,,,,,,,,,,,,,,,,,https://cdn.shopify.com/s/files/1/0404/8535/5684/products/3.1_f5a7070c-2cc0-4244-ada6-c7550a4ad602.jpg?v=1591685792,3,,,,,,,,,,,,,,,,,,,,,
jasmine-green,,,,,,,,,,,,,,,,,,,,,,,,https://cdn.shopify.com/s/files/1/0404/8535/5684/products/4.1_75f19fe6-2b91-4575-aab6-47a96decea2c.jpg?v=1591685792,4,,,,,,,,,,,,,,,,,,,,,
jungpana-tea-estate,Jungpana Tea Estate,"<p>Some might consider Jungpana Tea Estate to be teas Shangrila. This remarkable tea estate is remotely tucked away in the magnificence of the Himalayan foothills. Perched at an altitude of 4000 to 6500 feet above sea level, this relatively tiny tea estate manages to find a soft spot for even the most discerning tea drinkers.

The leaves of this pure second flush tea are picked from late May to June and produce an amazing, well rounded, mature and floral flavour of tea that is said to be less astringent and even better than the first flush. The leaves steep up a liquid that is bright with a taste that is full, round, and has an excellent muscatel character – perfect for your afternoon tea with scones and raspberry conserve.

The Jungpana estate is fairly well known among lovers of Darjeeling teas. The name “Jungpana” is based on a legend and meaning roughly where Jung Bahadur had his last drink of water. Jung was a helper mauled by a tiger he was trying to keep from attacking his British hunter employer. And “pana” means water.

The estate, originally planted by a British tea planter named Henry Lennox in 1899, has been producing undeniably vintage Darjeeling teas famous for their muscatel flavour. Despite its hard-to-access location due to the lack of roads, it has still managed to build quite a reputation. Their teas have a distinct flavour attributed to their micro-climate on the south side of a mountain in the foothills of the Himalayas. Their tea bushes are of the pure Chinese variety coupled with their unique manufacturing techniques that produce the finest rich flavour and bouquet for which Darjeeling teas claim the name “the champagne of teas.”</p>",Moocha- Tea Shop & Organic Store Responsive Shopify Theme,Black Tea,"$10-$20, 100g, 50g, Black Tea",true,Size,50g,Type,Black Tea,,,"",0.0,,0,deny,manual,14.00,,true,true,"",https://cdn.shopify.com/s/files/1/0404/8535/5684/products/2.1.jpg?v=1591581724,1,,false,,,,,,,,,,,,,,,,https://cdn.shopify.com/s/files/1/0404/8535/5684/products/2.1.jpg?v=1591581724,kg,,
jungpana-tea-estate,,,,,,,,100g,,Black Tea,,,"",0.0,,0,deny,manual,24.00,,true,true,"",https://cdn.shopify.com/s/files/1/0404/8535/5684/products/2.2.jpg?v=1591581724,2,,,,,,,,,,,,,,,,,,https://cdn.shopify.com/s/files/1/0404/8535/5684/products/2.1.jpg?v=1591581724,kg,,
jungpana-tea-estate,,,,,,,,,,,,,,,,,,,,,,,,https://cdn.shopify.com/s/files/1/0404/8535/5684/products/3.1_5237b216-f67b-4cdd-b3d8-89df4f90e180.jpg?v=1591685805,3,,,,,,,,,,,,,,,,,,,,,
jungpana-tea-estate,,,,,,,,,,,,,,,,,,,,,,,,https://cdn.shopify.com/s/files/1/0404/8535/5684/products/4.1_9aa7b3e6-4d35-4d6b-9024-0bdb8ee32813.jpg?v=1591685805,4,,,,,,,,,,,,,,,,,,,,,
lemongrass-ginger,Lemongrass & Ginger,<p>This herbal blend compliments each other with pieces of ginger and lemongrass to create a golden liquor appearance. A refreshing citrus infusion with soft warm ginger notes to brighten up the day. A caffeine free drinking experience made with all natural ingredients.</p>,Moocha- Tea Shop & Organic Store Responsive Shopify Theme,Herbal Tea,Herbal Tea,true,Size,50g,Type,Herbal Tea,,,"",0.0,,0,deny,manual,12.00,,true,true,"",https://cdn.shopify.com/s/files/1/0404/8535/5684/products/16.1.jpg?v=1591586598,1,,false,,,,,,,,,,,,,,,,https://cdn.shopify.com/s/files/1/0404/8535/5684/products/16.1.jpg?v=1591586598,kg,,
lemongrass-ginger,,,,,,,,100g,,Herbal Tea,,,"",0.0,,0,deny,manual,18.00,,true,true,"",https://cdn.shopify.com/s/files/1/0404/8535/5684/products/16.2.jpg?v=1591586598,2,,,,,,,,,,,,,,,,,,https://cdn.shopify.com/s/files/1/0404/8535/5684/products/16.1.jpg?v=1591586598,kg,,
lemongrass-ginger,,,,,,,,250g,,Herbal Tea,,,"",0.0,,0,deny,manual,32.00,,true,true,"",https://cdn.shopify.com/s/files/1/0404/8535/5684/products/3.1_c04d0551-af3e-4d72-bc53-769c341adf1e.jpg?v=1591685834,3,,,,,,,,,,,,,,,,,,https://cdn.shopify.com/s/files/1/0404/8535/5684/products/16.1.jpg?v=1591586598,kg,,
lemongrass-ginger,,,,,,,,500g,,Herbal Tea,,,"",0.0,,0,deny,manual,54.00,,true,true,"",https://cdn.shopify.com/s/files/1/0404/8535/5684/products/4.1_f4ee3f65-edec-4811-b5bd-5b65a11221a2.jpg?v=1591685834,4,,,,,,,,,,,,,,,,,,https://cdn.shopify.com/s/files/1/0404/8535/5684/products/16.1.jpg?v=1591586598,kg,,
matcha-supreme,Matcha Supreme,"<div class="" py-4"">
<div class=""row"">
<div class=""col-md-6""><img src=""https://cdn.shopify.com/s/files/1/0404/8535/5684/files/product1.jpg?v=1592014632"" alt=""""></div>
<div class=""col-md-6 info2"">
<div>
<h3>Organic Matcha Green Tea </h3>
<p>Matcha supreme is the pinnacle of Japanese green teas. Blessed by
 mineral-rich soil, and a mild pacific climate, the first flush tea cultivated in
  the northern mountainous region in Kagoshima named Kirishima is truly world class. </p>
</div>
<a href=""javascript:void(0)""><img src=""https://cdn.shopify.com/s/files/1/0404/8535/5684/files/product2.jpg?v=1592014754"" alt=""""></a>
</div>
</div>
</div>
<div class="" py-4 des-info"">
<div class=""text-center"">
<h3>Product Details</h3>
<p>Matcha supreme is the pinnacle of Japanese green teas. Blessed by
 mineral-rich soil, and a mild pacific climate, the first flush tea cultivated in
  the northern mountainous region in Kagoshima named Kirishima is truly world class. Altitude 
  as high as 200m and surrounded by volcanic mountains, the tea harvest consists of 
  naturally fermented mountain soil with less factory-made fertilizers. The tea is 
  shaded from direct sunlight for about 4 weeks before harvest which increases the 
  chlorophll and L-thenine contents contributing to a smooth and a rich vibrant
   green colour. The fine art of producing matcha iis famously labor intensive – it can take up to one hour to grind 30 grams 
of this tea, but the result is incredibly intense, deep umami flavour and mouth melting softness.</p>
</div>
</div>
<a href=""javascript:void(0)"" class=""d-block py-3""><img src=""https://cdn.shopify.com/s/files/1/0404/8535/5684/files/product3.jpg?v=1592015123"" alt=""""> </a>
",Moocha- Tea Shop & Organic Store Responsive Shopify Theme,Green Tea,"$10-$20, 100g, 50g, Green Tea",true,Size,50g,Type,Green Tea,,,"",0.0,,0,deny,manual,13.00,,true,true,"",https://cdn.shopify.com/s/files/1/0404/8535/5684/products/6.1.jpg?v=1591583948,1,,false,,,,,,,,,,,,,,,,https://cdn.shopify.com/s/files/1/0404/8535/5684/products/6.1.jpg?v=1591583948,kg,,
matcha-supreme,,,,,,,,100g,,Green Tea,,,"",0.0,,0,deny,manual,22.00,,true,true,"",https://cdn.shopify.com/s/files/1/0404/8535/5684/products/8.1_7e6d6e27-cbb4-4a86-a2b4-72deb6a8fc27.jpg?v=1591685867,2,,,,,,,,,,,,,,,,,,https://cdn.shopify.com/s/files/1/0404/8535/5684/products/6.1.jpg?v=1591583948,kg,,
matcha-supreme,,,,,,,,,,,,,,,,,,,,,,,,https://cdn.shopify.com/s/files/1/0404/8535/5684/products/9.1_6b410177-68a9-458a-9fc9-6cdeb2bcd216.jpg?v=1591685868,3,,,,,,,,,,,,,,,,,,,,,
matcha-supreme,,,,,,,,,,,,,,,,,,,,,,,,https://cdn.shopify.com/s/files/1/0404/8535/5684/products/10.1_52f84d60-224d-462f-b1f0-591a5e515f13.jpg?v=1591685868,4,,,,,,,,,,,,,,,,,,,,,
moroccan-mint,Moroccan Mint,"<p>Moroccan mint has been part of the North African way of life for many years. This beverage dates back to the early 18th century when Chinese green tea was first introduced into Morocco. Unlike food at that time, Moroccan mint tea was very much a man’s affair; prepared by the head of the house for his guest, it was considered impolite to refuse a cup.

Our take on this classic Moroccan mint teas combines Chinese gunpowder green tea and Moroccan mint leaves, forming a stimulating, exciting tea that is perfect for cooling the temperament and refreshing the senses.</p>",Moocha- Tea Shop & Organic Store Responsive Shopify Theme,Green Tea,"$5-$10, 100g, 50g, Green Tea",true,Size,50g,Type,Green Tea,,,"",0.0,,0,continue,manual,8.00,,true,true,"",https://cdn.shopify.com/s/files/1/0404/8535/5684/products/8.1.jpg?v=1591584551,1,,false,,,,,,,,,,,,,,,,https://cdn.shopify.com/s/files/1/0404/8535/5684/products/8.1.jpg?v=1591584551,kg,,
moroccan-mint,,,,,,,,100g,,Green Tea,,,"",0.0,,0,continue,manual,14.00,,true,true,"",https://cdn.shopify.com/s/files/1/0404/8535/5684/products/8.2.jpg?v=1591584551,2,,,,,,,,,,,,,,,,,,https://cdn.shopify.com/s/files/1/0404/8535/5684/products/8.1.jpg?v=1591584551,kg,,
moroccan-mint,,,,,,,,,,,,,,,,,,,,,,,,https://cdn.shopify.com/s/files/1/0404/8535/5684/products/3.1_f51a5652-4d5f-4c9f-acee-618ba2951024.jpg?v=1591685889,3,,,,,,,,,,,,,,,,,,,,,
moroccan-mint,,,,,,,,,,,,,,,,,,,,,,,,https://cdn.shopify.com/s/files/1/0404/8535/5684/products/4.1_949b41a3-a82b-45ad-96fc-25e0eddb9898.jpg?v=1591685889,4,,,,,,,,,,,,,,,,,,,,,
pink-rosebuds,Pink Rosebuds,"<p>This Herbal is made from authentic Iranian rose buds, plucked when they are young and then dried to retain its unique floral character. In the cup, it has a natural rosy taste and perfumed aroma, making it a lovely and highly enjoyable beverage. The essential oils in Rosebud Tea can help to improve blood circulation, digestion and is good for the heart.</p>",Moocha- Tea Shop & Organic Store Responsive Shopify Theme,Herbal Tea,"$10-$20, 100g, 50g, Herbal Tea",true,Size,50g,Type,Herbal Tea,,,"",0.0,,0,deny,manual,12.00,,true,true,"",https://cdn.shopify.com/s/files/1/0404/8535/5684/products/15.1.jpg?v=1591586341,1,,false,,,,,,,,,,,,,,,,https://cdn.shopify.com/s/files/1/0404/8535/5684/products/15.1.jpg?v=1591586341,kg,,
pink-rosebuds,,,,,,,,100g,,Herbal Tea,,,"",0.0,,0,deny,manual,18.00,,true,true,"",https://cdn.shopify.com/s/files/1/0404/8535/5684/products/15.2.jpg?v=1591586341,2,,,,,,,,,,,,,,,,,,https://cdn.shopify.com/s/files/1/0404/8535/5684/products/15.1.jpg?v=1591586341,kg,,
pink-rosebuds,,,,,,,,,,,,,,,,,,,,,,,,https://cdn.shopify.com/s/files/1/0404/8535/5684/products/14.1_3c96b61a-483d-4ea7-8bf8-ae02177f1663.jpg?v=1591685906,3,,,,,,,,,,,,,,,,,,,,,
pink-rosebuds,,,,,,,,,,,,,,,,,,,,,,,,https://cdn.shopify.com/s/files/1/0404/8535/5684/products/15.1_281f9234-bfa9-466c-9fdb-f657add0cc2a.jpg?v=1591685906,4,,,,,,,,,,,,,,,,,,,,,
red-fortune,Red Fortune,"<p>The combination of ripe red berries, rosehip and hibiscus have been put together to create this wonderful blend. Once infused this eye catching bright scarlet liquor creates a perfectly balanced aroma with excitingly soft fruity notes. A caffeine free drinking experience made with all natural ingredients.</p>",Moocha- Tea Shop & Organic Store Responsive Shopify Theme,Fruit Tea,"$5-$10, 100g, 250g, 500g, 50g, Fruit Tea",true,Size,50g,Type,Fruit Tea,,,"",0.0,,0,deny,manual,5.00,,true,true,"",https://cdn.shopify.com/s/files/1/0404/8535/5684/products/13.1.jpg?v=1591585949,1,,false,,,,,,,,,,,,,,,,https://cdn.shopify.com/s/files/1/0404/8535/5684/products/13.1.jpg?v=1591585949,kg,,
red-fortune,,,,,,,,100g,,Fruit Tea,,,"",0.0,,0,deny,manual,8.00,,true,true,"",https://cdn.shopify.com/s/files/1/0404/8535/5684/products/13.2.jpg?v=1591585950,2,,,,,,,,,,,,,,,,,,https://cdn.shopify.com/s/files/1/0404/8535/5684/products/13.1.jpg?v=1591585949,kg,,
red-fortune,,,,,,,,250g,,Fruit Tea,,,"",0.0,,0,deny,manual,16.00,,true,true,"",https://cdn.shopify.com/s/files/1/0404/8535/5684/products/14.1_e881b288-b1cc-4bb5-bf0a-a8078c227cb6.jpg?v=1591685930,3,,,,,,,,,,,,,,,,,,https://cdn.shopify.com/s/files/1/0404/8535/5684/products/13.1.jpg?v=1591585949,kg,,
red-fortune,,,,,,,,500g,,Fruit Tea,,,"",0.0,,0,deny,manual,25.00,,true,true,"",https://cdn.shopify.com/s/files/1/0404/8535/5684/products/15.1_02e9d398-bbb1-4458-ab97-2f6eed0b51c7.jpg?v=1591685930,4,,,,,,,,,,,,,,,,,,https://cdn.shopify.com/s/files/1/0404/8535/5684/products/13.1.jpg?v=1591585949,kg,,
royal-breakfast,Royal Breakfast,<p>A traditional breakfast blend for those who appreciate a traditional English cup of tea.  The blend combines the fresh taste of Kenyan tea complemented with the briskness of Indian Assam to create an ideal breakfast blend. This brisk smooth tasting blend is excellent with a spot of cream and a spoonful of sugar.</p>,Moocha- Tea Shop & Organic Store Responsive Shopify Theme,Black Tea,"$5-$10, 100g, 250g, 500g, 50g, Black Tea",true,Size,50g,Type,Black Tea,,,"",0.0,,0,deny,manual,5.00,,true,true,"",https://cdn.shopify.com/s/files/1/0404/8535/5684/products/1.1.jpg?v=1591581862,1,,false,,,,,,,,,,,,,,,,https://cdn.shopify.com/s/files/1/0404/8535/5684/products/1.1.jpg?v=1591581862,kg,,
royal-breakfast,,,,,,,,100g,,Black Tea,,,"",0.0,,0,deny,manual,8.00,,true,true,"",https://cdn.shopify.com/s/files/1/0404/8535/5684/products/1.2.jpg?v=1591581862,2,,,,,,,,,,,,,,,,,,https://cdn.shopify.com/s/files/1/0404/8535/5684/products/1.1.jpg?v=1591581862,kg,,
royal-breakfast,,,,,,,,250g,,Black Tea,,,"",0.0,,0,deny,manual,18.00,,true,true,"",https://cdn.shopify.com/s/files/1/0404/8535/5684/products/14.1_db840af5-8b0d-4ccd-992b-041e59017db5.jpg?v=1591685946,3,,,,,,,,,,,,,,,,,,https://cdn.shopify.com/s/files/1/0404/8535/5684/products/1.1.jpg?v=1591581862,kg,,
royal-breakfast,,,,,,,,500g,,Black Tea,,,"",0.0,,0,deny,manual,35.00,,true,true,"",https://cdn.shopify.com/s/files/1/0404/8535/5684/products/15.1_0383f20d-4ec2-4740-94fc-430ca8ffd229.jpg?v=1591685947,4,,,,,,,,,,,,,,,,,,https://cdn.shopify.com/s/files/1/0404/8535/5684/products/1.1.jpg?v=1591581862,kg,,
silver-rose,Silver Rose,"<p>This traditional blend of whole rose buds and high quality Darjeeling White tea is the definitive in rose-scented teas. Soft, seductive and thirst-quenching, its light, graceful textures create a soothing harmony of perfume and flavour. A mellow, nourishing cup, this is a tea to put your feet up with.

</p>",Moocha- Tea Shop & Organic Store Responsive Shopify Theme,White Tea,"$10-$20, 100g, 250g, 50g, White Tea",true,Size,50g,Type,White Tea,,,"",0.0,,0,deny,manual,12.00,,true,true,"",https://cdn.shopify.com/s/files/1/0404/8535/5684/products/4.1.jpg?v=1591583173,1,,false,,,,,,,,,,,,,,,,https://cdn.shopify.com/s/files/1/0404/8535/5684/products/4.1.jpg?v=1591583173,kg,,
silver-rose,,,,,,,,100g,,White Tea,,,"",0.0,,0,deny,manual,20.00,,true,true,"",https://cdn.shopify.com/s/files/1/0404/8535/5684/products/4.2.jpg?v=1591583173,2,,,,,,,,,,,,,,,,,,https://cdn.shopify.com/s/files/1/0404/8535/5684/products/4.1.jpg?v=1591583173,kg,,
silver-rose,,,,,,,,250g,,White Tea,,,"",0.0,,0,deny,manual,43.00,,true,true,"",https://cdn.shopify.com/s/files/1/0404/8535/5684/products/13.1_5334be39-cca8-4c5b-88a2-db951e6b6792.jpg?v=1591685967,3,,,,,,,,,,,,,,,,,,https://cdn.shopify.com/s/files/1/0404/8535/5684/products/4.1.jpg?v=1591583173,kg,,
silver-rose,,,,,,,,,,,,,,,,,,,,,,,,https://cdn.shopify.com/s/files/1/0404/8535/5684/products/14.1_a011c319-ad72-45d2-9538-5cb7213b339a.jpg?v=1591685967,4,,,,,,,,,,,,,,,,,,,,,
strawberry-kiwi,Strawberry & Kiwi,"<p>Yielding a bold red brew with a heady fragrance, this infusion is brimming with sun-loving berries and fruits for a rich, full flavour. Sweet pieces of strawberry and kiwi harmonise with the robust taste of hibiscus and sunflowers for an intensely fruity experience.</p>",Moocha- Tea Shop & Organic Store Responsive Shopify Theme,Fruit Tea,"$5-$10, 100g, 250g, 500g, 50g, Fruit Tea",true,Size,50g,Type,Fruit Tea,,,"",0.0,,0,deny,manual,8.00,,true,true,"",https://cdn.shopify.com/s/files/1/0404/8535/5684/products/14.1.jpg?v=1591586125,1,,false,,,,,,,,,,,,,,,,https://cdn.shopify.com/s/files/1/0404/8535/5684/products/14.1.jpg?v=1591586125,kg,,
strawberry-kiwi,,,,,,,,100g,,Fruit Tea,,,"",0.0,,0,deny,manual,14.00,,true,true,"",https://cdn.shopify.com/s/files/1/0404/8535/5684/products/4.1_314b8df6-25c5-4eac-93a4-f0f5834be918.jpg?v=1591686011,2,,,,,,,,,,,,,,,,,,https://cdn.shopify.com/s/files/1/0404/8535/5684/products/14.1.jpg?v=1591586125,kg,,
strawberry-kiwi,,,,,,,,250g,,Fruit Tea,,,"",0.0,,0,deny,manual,20.00,,true,true,"",https://cdn.shopify.com/s/files/1/0404/8535/5684/products/9.1_a160099c-36d1-44eb-8e23-4007a2377379.jpg?v=1591686011,3,,,,,,,,,,,,,,,,,,https://cdn.shopify.com/s/files/1/0404/8535/5684/products/14.1.jpg?v=1591586125,kg,,
strawberry-kiwi,,,,,,,,500g,,Fruit Tea,,,"",0.0,,0,deny,manual,25.00,,true,true,"",https://cdn.shopify.com/s/files/1/0404/8535/5684/products/13.1_47c1e4db-8f45-43b8-bca6-a70cd0c536a1.jpg?v=1591686011,4,,,,,,,,,,,,,,,,,,https://cdn.shopify.com/s/files/1/0404/8535/5684/products/14.1.jpg?v=1591586125,kg,,
yin-zhen-silver-needle,Yin Zhen Silver Needle,"<p>Yin Zhen is one of the rarest and most spectacular teas in China, making up less than 0.1% of the total tea produced in the country. The needle-shaped white tea is mainly cultivated in Fujian, which is renowned for premium white tea, and harvested for only a few days each spring when the youngest buds are plucked in the morning and allowed to dry in the sun.</p>",Moocha- Tea Shop & Organic Store Responsive Shopify Theme,White Tea,"$10-$20, 100g, 250g, 500g, 50g, White Tea",true,Size,50g,Type,White Tea,,,"",0.0,,0,deny,manual,14.00,,true,true,"",https://cdn.shopify.com/s/files/1/0404/8535/5684/products/5.1.jpg?v=1591583693,1,,false,,,,,,,,,,,,,,,,https://cdn.shopify.com/s/files/1/0404/8535/5684/products/5.1.jpg?v=1591583693,kg,,
yin-zhen-silver-needle,,,,,,,,100g,,White Tea,,,"",0.0,,0,deny,manual,22.00,,true,true,"",https://cdn.shopify.com/s/files/1/0404/8535/5684/products/5.2.jpg?v=1591583693,2,,,,,,,,,,,,,,,,,,https://cdn.shopify.com/s/files/1/0404/8535/5684/products/5.1.jpg?v=1591583693,kg,,
yin-zhen-silver-needle,,,,,,,,250g,,White Tea,,,"",0.0,,0,deny,manual,38.00,,true,true,"",https://cdn.shopify.com/s/files/1/0404/8535/5684/products/7.1_692a3a75-5722-490a-926a-993835d7b401.jpg?v=1591685985,3,,,,,,,,,,,,,,,,,,https://cdn.shopify.com/s/files/1/0404/8535/5684/products/5.1.jpg?v=1591583693,kg,,
yin-zhen-silver-needle,,,,,,,,500g,,White Tea,,,"",0.0,,0,deny,manual,66.00,,true,true,"",https://cdn.shopify.com/s/files/1/0404/8535/5684/products/12.1_67bb3fe6-c5ca-4780-85e4-deb7b90e25b8.jpg?v=1591685986,4,,,,,,,,,,,,,,,,,,https://cdn.shopify.com/s/files/1/0404/8535/5684/products/5.1.jpg?v=1591583693,kg,,
